Path,URL,Size in bytes,MD5 Hash,Filter Terms (optional),Extra Fields (optional),Comments
games/ABC80/boot.rom,https://archive.org/download/OngoFiles/ABC80/boot.rom,"20736",0d7c500e18f526471196b04301e13834,,,
games/Battletoads/btc0-p0.bin,https://archive.org/download/OngoFiles/mame/btoads.zip/btc0-p0.u120,"4194304",4115131384c96a80aa46b03ccfab2c6c,,,
games/Battletoads/btc0-p1.bin,https://archive.org/download/OngoFiles/mame/btoads.zip/btc0-p1.u121,"4194304",84de8fc9dbf577344b44ce7c1e2ae3ce,,,
games/Battletoads/btc0-s.bin,https://archive.org/download/OngoFiles/mame/btoads.zip/btc0-s.u109,"2097152",0b590c14aabc49cf43bc39bf18a625d2,,,
games/Enterprise/boot0.rom,https://archive.org/download/OngoFiles/Enterprise/boot0.rom,"163840",43cfbc4841c8e863df0996485fd8d68e,,,
games/KonixMultisystem/Ark A Hack.P88,https://archive.org/download/OngoFiles/KonixMultisystem/Ark%20A%20Hack.P88,"1774",0e138bab40e0f0e12420d3540399a3f5,,,
games/KonixMultisystem/Attack of the Mutant Camels [v0.4 Fixed].P88,https://archive.org/download/OngoFiles/KonixMultisystem/Attack%20of%20the%20Mutant%20Camels%20%5Bv0.4%20Fixed%5D.P88,"131998",a145811e8e39ecac2990eb9fcd871a80,,,
games/KonixMultisystem/Heads.P88,https://archive.org/download/OngoFiles/KonixMultisystem/Heads.P88,"241156",c2866597c45320a01ec9e005ae1c93ac,,,
games/KonixMultisystem/Konix Ball Demo.P88,https://archive.org/download/OngoFiles/KonixMultisystem/Konix%20Ball%20Demo.P88,"842",858ff9f597537458b6f1efc681b9e238,,,
games/KonixMultisystem/Konix Blitter Test.P88,https://archive.org/download/OngoFiles/KonixMultisystem/Konix%20Blitter%20Test.P88,"11422",f808083604b6941c58629198496f3fe5,,,
games/KonixMultisystem/Konix DSP Polygon Demo.P88,https://archive.org/download/OngoFiles/KonixMultisystem/Konix%20DSP%20Polygon%20Demo.P88,"3850",63ccf2cf85651b8fc29e9b87846aa31b,,,
games/KonixMultisystem/Konix Line Test.P88,https://archive.org/download/OngoFiles/KonixMultisystem/Konix%20Line%20Test.P88,"605",146eac62d8e4738c70ef3156d0d5e422,,,
games/KonixMultisystem/Konix Scrolling Demo.P88,https://archive.org/download/OngoFiles/KonixMultisystem/Konix%20Scrolling%20Demo.P88,"4967",02cd527266b7f38e99e9cef38369c4fb,,,
games/KonixMultisystem/Konix Test RAM.P88,https://archive.org/download/OngoFiles/KonixMultisystem/Konix%20Test%20RAM.P88,"306",9cd71ac21fa84bfd1963dec6431884bc,,,
games/KonixMultisystem/Konix Test Video Paging.P88,https://archive.org/download/OngoFiles/KonixMultisystem/Konix%20Test%20Video%20Paging.P88,"193",809255de126d60f2af0be10a1fa259b4,,,
games/LASER500/boot.rom,https://archive.org/download/OngoFiles/LASER500/boot.rom,"196608",2b3db0b30f1532c975dcd0fc25d07642,,,
games/LM80C/boot.rom,https://archive.org/download/OngoFiles/LM80C/boot.rom,"25992",6e15b6db9f39b06393cc7d337815ba56,,,
games/MC1201/mc.rom,https://archive.org/download/OngoFiles/MC1201/mc.rom,"15360",a5d1658550226e8e8b109cbe53e26677,,,
games/MegaDrive/boot.rom,https://archive.org/download/OngoFiles/MegaDrive/boot.rom,"16384",45e298905a08f9cfb38fd504cd6dbc84,,,
games/NeoGeoPocket-Color/boot.rom,https://archive.org/download/OngoFiles/NeoGeoPocket-Color/boot.rom,"65536",43d0d53c69c12cc0d28f197717a1bb06,,,
games/NeoGeoPocket/boot.rom,https://archive.org/download/OngoFiles/NeoGeoPocket/boot.rom,"65536",6d7eba21a9f8fb71a63badfca8f9ba63,,,
games/RCA-StudioII/boot.rom,https://archive.org/download/OngoFiles/RCAStudioII/boot.rom,"2048",b37205bf19b197682f00619d05da194b,,,
games/Saturn/boot.rom,https://archive.org/download/OngoFiles/Saturn/boot.rom,"524288",bde8d6225194b1be7d7127f9f5a7bb29,,,
games/Sorcerer/boot.rom,https://archive.org/download/OngoFiles/Sorcerer/boot.rom,"5152",42076c1acf745415bad7817b7218ced0,,,
games/SparcStation/boot.rom,https://archive.org/download/OngoFiles/SparcStation/boot.rom,"389464",969aa8ee081bccb4e9382afbc0d973d4,,,
games/Tamagotchi/rom.bin,https://archive.org/download/OngoFiles/Tamagotchi/rom.bin,"12288",3fce172403c27274e59723bbb9f6d8e9,,,
games/Tamagotchi/test.bin,https://archive.org/download/OngoFiles/Tamagotchi/test.bin,"12288",b673f32604543f0f66d6a2a9321c18eb,,,
games/TOWNS/boot.rom,https://archive.org/download/OngoFiles/TOWNS/boot.rom,"2097152",21c1752e1c3a2d510fdfa1501e7a9a25,,,
games/Uneon/UNEON.VHD,https://archive.org/download/OngoFiles/Uneon/UNEON.VHD,"33554432",b953b5c105f3935f1d474f7499637a34,,,
games/Zet98/boot.rom,https://archive.org/download/OngoFiles/Zet98/boot.rom,"550912",73fcde408c51bea3b23ba5b7c66be37d,,,

games/kinst/kinst.img,https://archive.org/download/OngoFiles/KillerInstinct/kinst.img,"131076608",6d4c2f152c9a18ab3a9b05b8804306a8,,,
games/kinst2/kinst2.img,https://archive.org/download/OngoFiles/KillerInstinct/kinst2.img,"457673216",2563b089b316f2c8636d78af661ac656,,,
games/mame/kinst.zip,https://archive.org/download/OngoFiles/KillerInstinct/kinst.zip,"5843251",4bb48f2ea2091e45b6f14cf3689b7986,,,
games/mame/kinst2.zip,https://archive.org/download/OngoFiles/KillerInstinct/kinst2.zip,"7479079",d20251e2d55f397d210199a632286c65,,,

games/mame/armwrest.zip,https://archive.org/download/OngoFiles/mame/armwrest.zip,"149347",9c823f6ab6fc9ce4279a80c956686a70,,,
games/mame/asterix.zip,https://archive.org/download/OngoFiles/mame/asterix.zip,"4205033",dc616e8ef001635b99ee90ed38501c8f,,,
games/mame/atarisy1.zip,https://archive.org/download/OngoFiles/mame/atarisy1.zip,"57375",f4a3c76103d9a5e50de8fac468e835c8,,,
games/mame/batsugun.zip,https://archive.org/download/OngoFiles/mame/batsugun.zip,"5745057",759d120801d19d2ed8ce330f35a48493,,,
games/mame/battlnts.zip,https://archive.org/download/OngoFiles/mame/battlnts.zip,"319430",2b8c622c45566ef56941b837c28131b0,,,
games/mame/brain.zip,https://archive.org/download/OngoFiles/mame/brain.zip,"92798",e363c6dc802a10d78bfa7de2a31e227a,,,
games/mame/brkthru.zip,https://archive.org/download/OngoFiles/mame/brkthru.zip,"291427",c0216f64b30df4d814f19e0f9610d647,,,
games/mame/btoads.zip,https://archive.org/download/OngoFiles/mame/btoads.zip,"4348372",4221c6d7cfefe69a76506e08923c8019,,,
games/mame/buckrog.zip,https://archive.org/download/OngoFiles/mame/buckrog.zip,"228060",419651f5cf41c3e6ff1a8f6595ab5679,,,
games/mame/bucky.zip,https://archive.org/download/OngoFiles/mame/bucky.zip,"7189925",7135d0c79bb4428cbc015bb3b1262888,,,
games/mame/choplift.zip,https://archive.org/download/OngoFiles/mame/choplift.zip,"198449",36b529f30e00a70236af835b41fffb4e,,,
games/mame/ctribe.zip,https://archive.org/download/OngoFiles/mame/ctribe.zip,"5593625",0a5f28479f4f01175b4869dfcd995986,,,
games/mame/dakkochn.zip,https://archive.org/download/OngoFiles/mame/dakkochn.zip,"127557",de2514cdcce7ca04922faaeaba15af4f,,,
games/mame/ddragon3.zip,https://archive.org/download/OngoFiles/mame/ddragon3.zip,"3273575",1bceabfba7b33e00ca11afb2fd6f570e,,,
games/mame/dogyuun.zip,https://archive.org/download/OngoFiles/mame/dogyuun.zip,"14180014",2104c7aafb752b746417072abcc0ebd5,,,
games/mame/enigma2.zip,https://archive.org/download/OngoFiles/mame/enigma2.zip,"24308",0042ea22cef61dbea85d56786f34d722,,,
games/mame/esckids.zip,https://archive.org/download/OngoFiles/mame/esckids.zip,"1106375",79d5d82ee0ceb63723b5fcbd9af714f0,,,
games/mame/gardia.zip,https://archive.org/download/OngoFiles/mame/gardia.zip,"231785",466219ed7897ebc4e27e90924142369b,,,
games/mame/gladiatr.zip,https://archive.org/download/OngoFiles/mame/gladiatr.zip,"434094",2e6ec7c865a70a62087a5bf1cb065200,,,
games/mame/gradius.zip,https://archive.org/download/OngoFiles/mame/gradius.zip,"119413",d158147544eaffad348cb252afd5d9b4,,,
games/mame/gradiusb.zip,https://archive.org/download/OngoFiles/mame/gradiusb.zip,"102568",3bc0e4740f2c01ca92e31a0949fb61a9,,,
games/mame/grdians.zip,https://archive.org/download/OngoFiles/mame/grdians.zip,"31466027",6978f77a5104e9f28d068bce05829d81,,,
games/mame/grindstm.zip,https://archive.org/download/OngoFiles/mame/grindstm.zip,"1421667",b6e27f808f3dde7749c883201b2d65f9,,,
games/mame/hvymetal.zip,https://archive.org/download/OngoFiles/mame/hvymetal.zip,"149752",f5b251f6c24b3d21939ce71658f99fd7,,,
games/mame/hyprduel.zip,https://archive.org/download/OngoFiles/mame/hyprduel.zip,"1532542",d46af9ab922fd7149344f0e85ba87232,,,
games/mame/ikki.zip,https://archive.org/download/OngoFiles/mame/ikki.zip,"376875",5bd9e5ba82403cefb4d1395627072abc,,,
games/mame/kamikcab.zip,https://archive.org/download/OngoFiles/mame/kamikcab.zip,"109175",91b18a4e34ad8a6bcf0f836b9b945517,,,
games/mame/kbash.zip,https://archive.org/download/OngoFiles/mame/kbash.zip,"6682794",41fec70c70ca73ca1ecbfdc815e5f2f4,,,
games/mame/lkage.zip,https://archive.org/download/OngoFiles/mame/lkage.zip,"373959",2b204fe6200ec7c318c926f9d0d99aef,,,
games/mame/magerror.zip,https://archive.org/download/OngoFiles/mame/magerror.zip,"1604200",c6b61974c7534970034de0bc8500b156,,,
games/mame/momoko.zip,https://archive.org/download/OngoFiles/mame/momoko.zip,"207013",6a2bde73759357466e0dfa772e0bb04c,,,
games/mame/mystwarr.zip,https://archive.org/download/OngoFiles/mame/mystwarr.zip,"7279918",ce6e70247f65a9fe829fb194dad8a1ec,,,
games/mame/narc.zip,https://archive.org/download/OngoFiles/mame/narc.zip,"6273107",7d84f28d5c75292b5b48361acaaaf89e,,,
games/mame/nob.zip,https://archive.org/download/OngoFiles/mame/nob.zip,"197068",9b02c09dd3397addeb7da2562ffc4809,,,
games/mame/nova2001h.zip,https://archive.org/download/OngoFiles/mame/nova2001h.zip,"29741",6e010f1ae04f6cc9b2812fc0ea9c4d8f,,,
games/mame/offroad.zip,https://archive.org/download/OngoFiles/mame/offroad.zip,"844203",925018306b550559107491a8a3b1d12a,,,
games/mame/offroadt.zip,https://archive.org/download/OngoFiles/mame/offroadt.zip,"583880",8cc807a6f120b781c98975a14b5dfc37,,,
games/mame/pacupacu.zip,https://archive.org/download/OngoFiles/mame/pacupacu.zip,"8718",9e3b03176cb39becea1227b3b4428c15,,,
games/mame/pigout.zip,https://archive.org/download/OngoFiles/mame/pigout.zip,"592894",159b31ad1f0e6698bc5cd02eb00b615d,,,
games/mame/punchout.zip,https://archive.org/download/OngoFiles/mame/punchout.zip,"297969",22ec2846eebd3c67e897801fd602f667,,,
games/mame/spclone.zip,https://archive.org/download/OngoFiles/mame/spclone.zip,"162398",8767f5b2bbffb14fa9437caaa3d3e3e5,,,
games/mame/spnchout.zip,https://archive.org/download/OngoFiles/mame/spnchout.zip,"247903",18e538d7c44c1a5fac34bc3c7f0de46e,,,
games/mame/superman.zip,https://archive.org/download/OngoFiles/mame/superman.zip,"1265419",7a951c8dea7f85ea06d87c7b1eda7ea7,,,
games/mame/syvalion.zip,https://archive.org/download/OngoFiles/mame/syvalion.zip,"3815762",84a121e010ff41f211fdcd0caa36d82e,,,
games/mame/totcarn.zip,https://archive.org/download/OngoFiles/mame/totcarn.zip,"2399660",dd247547ecaff915f2d3929fc28133c4,,,
games/mame/twincobr_patched.zip,https://archive.org/download/OngoFiles/mame/twincobr_patched.zip,"698012",8ed9652edd88b2cf9e6a6233d9beb7c8,,,
games/mame/twinhawk.zip,https://archive.org/download/OngoFiles/mame/twinhawk.zip,"957157",b3d6e25b150e2c83061c85c845eab73d,,,
games/mame/wbml.zip,https://archive.org/download/OngoFiles/mame/wbml.zip,"1165828",a5da561949f02ac1545212f8b4e0ab12,,,
games/mame/wwfwfest.zip,https://archive.org/download/OngoFiles/mame/wwfwfest.zip,"18362114",89ac53e111430c73d13522238b56d920,,,

games/mame/coh1000c.zip,https://archive.org/download/OngoFiles/mame-capcomzn1/coh1000c.zip,"278492",a77a0ea2ab5d8678e6b8ba1304fb6cf5,,,
games/mame/glpracr.zip,https://archive.org/download/OngoFiles/mame-capcomzn1/glpracr.zip,"4418784",b5b2172ed6cf5a89bcb98220f84887c1,,,
games/mame/qsound_hle.zip,https://archive.org/download/OngoFiles/mame-capcomzn1/qsound_hle.zip,"2676",758388893761ea3ff0d820f60344a38e,,,
games/mame/sfex.zip,https://archive.org/download/OngoFiles/mame-capcomzn1/sfex.zip,"10964167",17714cfe220fecfe2e0616e574aa44c6,,,
games/mame/sfexp.zip,https://archive.org/download/OngoFiles/mame-capcomzn1/sfexp.zip,"11240185",8593825de9ed69eb5f2bafa2f8503cab,,,
games/mame/starglad.zip,https://archive.org/download/OngoFiles/mame-capcomzn1/starglad.zip,"11235620",3951217070cfda0e0b7618e12697963f,,,
games/mame/ts2.zip,https://archive.org/download/OngoFiles/mame-capcomzn1/ts2.zip,"12308764",cc4a147c18e650fd2f17286a6263abd6,,,

games/mame/coh3002c.zip,https://archive.org/download/OngoFiles/mame-capcomzn2/coh3002c.zip,"137963",7564fc1ea9b44b5d4436631e399d0c3e,,,
games/mame/plsmaswd.zip,https://archive.org/download/OngoFiles/mame-capcomzn2/plsmaswd.zip,"24348697",f240a51fc43f3fcc34d68c1f25c7b444,,,
games/mame/rvschool.zip,https://archive.org/download/OngoFiles/mame-capcomzn2/rvschool.zip,"28611176",485e0b002c3162ab8ee5ec8be9d1fddd,,,
games/mame/sfex2.zip,https://archive.org/download/OngoFiles/mame-capcomzn2/sfex2.zip,"16982187",1994bcbde7c2535af7b3d9b42b21ea30,,,
games/mame/sfex2p.zip,https://archive.org/download/OngoFiles/mame-capcomzn2/sfex2p.zip,"25620875",36c60123df77dded982df45fbbf6c5f5,,,
games/mame/strider2.zip,https://archive.org/download/OngoFiles/mame-capcomzn2/strider2.zip,"21408994",151fd5321ca37c61440420efb5b344c5,,,
games/mame/techromn.zip,https://archive.org/download/OngoFiles/mame-capcomzn2/techromn.zip,"39102489",903f3f17839278abcd6e7fbd703e399b,,,
games/mame/tgmj.zip,https://archive.org/download/OngoFiles/mame-capcomzn2/tgmj.zip,"2731246",7fcc8a72b4bc1f3340e1db4724b0628d,,,

games/mame/bloodstm.zip,https://archive.org/download/OngoFiles/mame-itech32/bloodstm.zip,"11030220",14d1a878072adefe6c0a8ee028666a8a,,,
games/mame/sftm.zip,https://archive.org/download/OngoFiles/mame-itech32/sftm.zip,"34891729",bf9ee7e28cd826012029174d53aafa2f,,,
games/mame/timekill.zip,https://archive.org/download/OngoFiles/mame-itech32/timekill.zip,"15291461",925deff4b0e104ce5de3da5809e5207b,,,

games/mame/aligator.zip,https://archive.org/download/OngoFiles/mame-jlrh/aligator.zip,"18344791",6168a6478e62ed4956799b662c1f9663,,,
games/mame/destryer.zip,https://archive.org/download/OngoFiles/mame-jlrh/destryer.zip,"14070",3f3340ec37d60737aa39c083f349a3e0,,,
games/mame/empcity.zip,https://archive.org/download/OngoFiles/mame-jlrh/empcity.zip,"528771",d9e0cb3c0de98452b1a71c4ed7a425fd,,,
games/mame/glass.zip,https://archive.org/download/OngoFiles/mame-jlrh/glass.zip,"10746392",3e4add06a1c35103668c4a524d5e5212,,,
games/mame/moomesa.zip,https://archive.org/download/OngoFiles/mame-jlrh/moomesa.zip,"6673967",c13ccddaa02f6bb2d8e94a9966043eac,,,
games/mame/mtlchamp.zip,https://archive.org/download/OngoFiles/mame-jlrh/mtlchamp.zip,"8240099",34d2756eddd188ba3f7c87534b87b8a2,,,
games/mame/thoop2.zip,https://archive.org/download/OngoFiles/mame-jlrh/thoop2.zip,"10454670",0e451c91784870c355aba14460a03a8f,,,
games/mame/wrally.zip,https://archive.org/download/OngoFiles/mame-jlrh/wrally.zip,"8431601",99fc3677f583ade3dbea46d998f5a71e,,,
games/mame/wrally2.zip,https://archive.org/download/OngoFiles/mame-jlrh/wrally2.zip,"13294768",4063ddff3df7fe1e12eecbd87a2dec3e,,,

games/mame/blazeon.zip,https://archive.org/download/OngoFiles/mame-kaneko16/blazeon.zip,"1906474",9df9c22b3575a2b6c9d0ba37fb1d6888,,,
games/mame/explbrkr.zip,https://archive.org/download/OngoFiles/mame-kaneko16/explbrkr.zip,"2457212",b9b897930b383401df0d6f63aefa5fb7,,,
games/mame/mgcrystl.zip,https://archive.org/download/OngoFiles/mame-kaneko16/mgcrystl.zip,"1267269",3e3755ba29f6ac934de0eac1491af7c8,,,
games/mame/wingforc.zip,https://archive.org/download/OngoFiles/mame-kaneko16/wingforc.zip,"2334971",925795cbed561f2a8e0fc40c792d51be,,,

games/mame/archrivl.zip,https://archive.org/download/OngoFiles/mame-mcr68/archrivl.zip,"572150",94b39fc17d51efe1f25cc407d19831af,,,
games/mame/blasted.zip,https://archive.org/download/OngoFiles/mame-mcr68/blasted.zip,"882570",1cb6c3b1b7543809df0438a89277a16d,,,
games/mame/pigskin.zip,https://archive.org/download/OngoFiles/mame-mcr68/pigskin.zip,"831104",3084f077075c7f0f3534fd07ec7a356b,,,
games/mame/xenophob.zip,https://archive.org/download/OngoFiles/mame-mcr68/xenophob.zip,"392223",46c606a74e9d5019279c984765b9e708,,,

Games/mame/docastle.zip,https://archive.org/download/OngoFiles/mame-mrdo/docastle.zip,"108719",dc0e6a8a46aff4ca204d07ab50636359,,,
Games/mame/dorunrun.zip,https://archive.org/download/OngoFiles/mame-mrdo/dorunrun.zip,"169184",ec8735bc15fe1397295903808640fbdd,,,
Games/mame/dowild.zip,https://archive.org/download/OngoFiles/mame-mrdo/dowild.zip,"43654",d9e69a1ca465c6ca8b5c889e9b098d61,,,
Games/mame/idsoccer.zip,https://archive.org/download/OngoFiles/mame-mrdo/idsoccer.zip,"205782",d7c5024219820bf1a48bb3305c7cf077,,,
Games/mame/jjack.zip,https://archive.org/download/OngoFiles/mame-mrdo/jjack.zip,"44209",f1a0bc6f256b60cdc69a8300eda9d4e2,,,
Games/mame/kickridr.zip,https://archive.org/download/OngoFiles/mame-mrdo/kickridr.zip,"37835",69b10861eaf60abef3edb3727296fa65,,,

games/mame/danceyes.zip,https://archive.org/download/OngoFiles/mame-namcosystem11/danceyes.zip,"20679823",e70d3ad5aef0d7275301b7712770cec2,,,
games/mame/dunkmnia.zip,https://archive.org/download/OngoFiles/mame-namcosystem11/dunkmnia.zip,"9587978",b54e8a95529a1b22a16957d33537a43c,,,
games/mame/fambowl.zip,https://archive.org/download/OngoFiles/mame-namcosystem11/fambowl.zip,"5356849",73ca0fa4048344a8199ad09c0f335b83,,,
games/mame/myangel3.zip,https://archive.org/download/OngoFiles/mame-namcosystem11/myangel3.zip,"22413120",0c16ab6cffac30c1c3cb987124e7b929,,,
games/mame/namcoc76.zip,https://archive.org/download/OngoFiles/mame-namcosystem11/namcoc76.zip,"9579",c0e177c75fa95ae46143e0609f58caaa,,,
games/mame/pocketrc.zip,https://archive.org/download/OngoFiles/mame-namcosystem11/pocketrc.zip,"5313177",3003d825a37f29d1457cd78416a4ddf9,,,
games/mame/primglex.zip,https://archive.org/download/OngoFiles/mame-namcosystem11/primglex.zip,"9897456",3fd8cb653e71e9beae87d23d6d80ac11,,,
games/mame/ptblank2.zip,https://archive.org/download/OngoFiles/mame-namcosystem11/ptblank2.zip,"30763416",1977aa9190182b9acdedafc855fa69bc,,,
games/mame/souledge.zip,https://archive.org/download/OngoFiles/mame-namcosystem11/souledge.zip,"25737673",fd8e3d8ee1aa9d26651b2ec9dbb940ba,,,
games/mame/starswep.zip,https://archive.org/download/OngoFiles/mame-namcosystem11/starswep.zip,"3748766",99f65cfef7a480a7b2a435912a7466b2,,,
games/mame/tekken.zip,https://archive.org/download/OngoFiles/mame-namcosystem11/tekken.zip,"19067076",3a5fb15831ef80dada2360d0ba175011,,,
games/mame/tekken2.zip,https://archive.org/download/OngoFiles/mame-namcosystem11/tekken2.zip,"34807990",522d3caae0aea97bd3a61991c7537a22,,,
games/mame/xevi3dg.zip,https://archive.org/download/OngoFiles/mame-namcosystem11/xevi3dg.zip,"17759492",54bfaaf0c61c65fa113bd1c064df31ab,,,

games/mame/aquarush.zip,https://archive.org/download/OngoFiles/mame-namcosystem12/aquarush.zip,"12094823",04412c28864be9a6d678fa74f355f91e,,,
games/mame/ehrgeiz.zip,https://archive.org/download/OngoFiles/mame-namcosystem12/ehrgeiz.zip,"32316959",716a344e40e98ea7e035db3bc947e26f,,,
games/mame/fgtlayer.zip,https://archive.org/download/OngoFiles/mame-namcosystem12/fgtlayer.zip,"26282296",98dabc118e9020eaf424b5b5ee0eafcb,,,
games/mame/ghlpanic.zip,https://archive.org/download/OngoFiles/mame-namcosystem12/ghlpanic.zip,"12427096",315e0f7b0d81e6d37dbe943e874c71c6,,,
games/mame/lbgrande.zip,https://archive.org/download/OngoFiles/mame-namcosystem12/lbgrande.zip,"11876558",8706b6b07ad3a526f28cefe7638952cb,,,
games/mame/mrdrillr.zip,https://archive.org/download/OngoFiles/mame-namcosystem12/mrdrillr.zip,"12772919",0ae23b1e6af5812a13c4b26db476e863,,,
games/mame/pacapp.zip,https://archive.org/download/OngoFiles/mame-namcosystem12/pacapp.zip,"13418383",7ec288f0e3030aa2e45425439746ae96,,,
games/mame/pacapp2.zip,https://archive.org/download/OngoFiles/mame-namcosystem12/pacapp2.zip,"18543189",80153666b2fcb40ae4563928f48fdc1b,,,
games/mame/pacappsp.zip,https://archive.org/download/OngoFiles/mame-namcosystem12/pacappsp.zip,"18744920",f40131f9f7f7f033d0d3eacb36da6a6c,,,
games/mame/soulclbr.zip,https://archive.org/download/OngoFiles/mame-namcosystem12/soulclbr.zip,"57003349",f980e08b32869860d3c45cdc22c721d5,,,
games/mame/sws98.zip,https://archive.org/download/OngoFiles/mame-namcosystem12/sws98.zip,"15733251",816e768f0a5e8a204f68cd58f71ef144,,,
games/mame/sws99.zip,https://archive.org/download/OngoFiles/mame-namcosystem12/sws99.zip,"18921800",46ffb44cb88755d622af13b9b70bf903,,,
games/mame/tekken3.zip,https://archive.org/download/OngoFiles/mame-namcosystem12/tekken3.zip,"63983697",32cca10a4195adc3ed2a7ea470815143,,,
games/mame/tektagt.zip,https://archive.org/download/OngoFiles/mame-namcosystem12/tektagt.zip,"130601575",8c350b94c7529ca4ba8d13c82151e94a,,,

games/mame/cabalpgm_b1.zip,https://archive.org/download/OngoFiles/mame-pgm/cabalpgm_b1.zip,"1888774",1c65814baa011f52a99c4e542892a83a,,,
games/mame/dwpc.zip,https://archive.org/download/OngoFiles/mame-pgm/dwpc.zip,"11182218",f94d85b98e0629b5a68cee932caf2cd6,,,
games/mame/happy6.zip,https://archive.org/download/OngoFiles/mame-pgm/happy6.zip,"27943313",5d39b757e203bd5d2b1187373d5d93c6,,,
games/mame/ketps4.zip,https://archive.org/download/OngoFiles/mame-pgm/ketps4.zip,"12486344",f4fff7ebcefbb28fe7686a4cd97b4b16,,,
games/mame/kov.zip,https://archive.org/download/OngoFiles/mame-pgm/kov.zip,"30867775",52356a57708cdf61a2e7f4e159394ce4,,,
games/mame/kov2p.zip,https://archive.org/download/OngoFiles/mame-pgm/kov2p.zip,"28799203",81ee45078459a4e5ba6cc0364201aa76,,,
games/mame/kovplus.zip,https://archive.org/download/OngoFiles/mame-pgm/kovplus.zip,"33185889",867312a58f0b086fa28b9dcfd256a617,,,

games/mame/btlkroad.zip,https://archive.org/download/OngoFiles/mame-psikyo/btlkroad.zip,"4400930",c95cb89f50a5e42c8c8ece39cf55ed7b,,,
games/mame/gunbird.zip,https://archive.org/download/OngoFiles/mame-psikyo/gunbird.zip,"4997355",db682df957cb02d629437ef5b81534e2,,,
games/mame/s1945.zip,https://archive.org/download/OngoFiles/mame-psikyo/s1945.zip,"10983783",bbf14688dec2567bbda41eba318625e6,,,
games/mame/samuraia.zip,https://archive.org/download/OngoFiles/mame-psikyo/samuraia.zip,"3413242",f96aa07bb88290320bbf70626efff05f,,,
games/mame/tengai.zip,https://archive.org/download/OngoFiles/mame-psikyo/tengai.zip,"8043379",6801d144e4c16c947ceb666d87fb9821,,,

games/mame/bnzabros.zip,https://archive.org/download/OngoFiles/mame-segas24/bnzabros.zip,"1392105",4f79272bb2b558b546d93ca2db7a1654,,,
games/mame/crkdown.zip,https://archive.org/download/OngoFiles/mame-segas24/crkdown.zip,"2562707",fe5a4ca14d3779edc6d31d0d69cf31dd,,,
games/mame/gground.zip,https://archive.org/download/OngoFiles/mame-segas24/gground.zip,"1488521",16727f271fd7ffca9aad7a8027975aa8,,,
games/mame/hotrod.zip,https://archive.org/download/OngoFiles/mame-segas24/hotrod.zip,"3826843",18ba52b0ee162f0dc7247f918a82fe96,,,
games/mame/roughrac.zip,https://archive.org/download/OngoFiles/mame-segas24/roughrac.zip,"833545",ea95f4777fb5540ec74bb91b55f169ad,,,
games/mame/sspirits.zip,https://archive.org/download/OngoFiles/mame-segas24/sspirits.zip,"1618742",788d0f1506a7a390c4f97bd702e3521d,,,

games/mame/alien3.zip,https://archive.org/download/OngoFiles/mame-segas32/alien3.zip,"10212851",655750570ba5291943b1d82ba84d6e26,,,
games/mame/arabfgt.zip,https://archive.org/download/OngoFiles/mame-segas32/arabfgt.zip,"9180295",ced2530f3f79c88727028ef5e1a1047a,,,
games/mame/arescue.zip,https://archive.org/download/OngoFiles/mame-segas32/arescue.zip,"5235972",8047da908f7cea0d072236f2d0cb1587,,,
games/mame/brival.zip,https://archive.org/download/OngoFiles/mame-segas32/brival.zip,"12176412",d39fd33f2d27e314041f1b60faa218e3,,,
games/mame/darkedge.zip,https://archive.org/download/OngoFiles/mame-segas32/darkedge.zip,"38233765",1537451eb1348ce5c8f962b116fc5217,,,
games/mame/dbzvrvs.zip,https://archive.org/download/OngoFiles/mame-segas32/dbzvrvs.zip,"8140032",c92ac93c71ac53125230f3264244c946,,,
games/mame/ga2.zip,https://archive.org/download/OngoFiles/mame-segas32/ga2.zip,"9209462",480ad5864963ea4acee9a641aec78fdf,,,
games/mame/holo.zip,https://archive.org/download/OngoFiles/mame-segas32/holo.zip,"5228168",2a17022a5dcd83918bc82d9ea195ee60,,,
games/mame/jpark.zip,https://archive.org/download/OngoFiles/mame-segas32/jpark.zip,"9816614",cec968f5f1c0161798ea6b9bc4aab36f,,,
games/mame/radm.zip,https://archive.org/download/OngoFiles/mame-segas32/radm.zip,"5132449",b6012aa92643928ea3641c77a703d07c,,,
games/mame/radr.zip,https://archive.org/download/OngoFiles/mame-segas32/radr.zip,"4804548",86722806cd222382c0b0d38eb1c07e56,,,
games/mame/slipstrm.zip,https://archive.org/download/OngoFiles/mame-segas32/slipstrm.zip,"2713573",f84a62f7d3096c818e9aa10d194dedc1,,,
games/mame/sonic.zip,https://archive.org/download/OngoFiles/mame-segas32/sonic.zip,"8718189",761fc9cba9f170bf75b80a027498ab07,,,
games/mame/spidman.zip,https://archive.org/download/OngoFiles/mame-segas32/spidman.zip,"6736610",1131f147380a3a02a2d181d5245adf8a,,,
games/mame/svf.zip,https://archive.org/download/OngoFiles/mame-segas32/svf.zip,"9347576",34c6b6d2791ca32327886f26f32d67c2,,,

games/mame/harddunk.zip,https://archive.org/download/OngoFiles/mame-segas32multi/harddunk.zip,"6506779",9dbfcde721155e32c856ae17b37c69a7,,,
games/mame/orunners.zip,https://archive.org/download/OngoFiles/mame-segas32multi/orunners.zip,"12407407",1f4ffb737569fcc4fe75f75dda478ce6,,,
games/mame/scross.zip,https://archive.org/download/OngoFiles/mame-segas32multi/scross.zip,"5398446",f3755401c5e39538afb1b5abed839d68,,,
games/mame/titlef.zip,https://archive.org/download/OngoFiles/mame-segas32multi/titlef.zip,"5897492",29a766913d3cc2f3ac5aa57e6804a5af,,,

games/mame/anpanman.zip,https://archive.org/download/OngoFiles/mame-segasystemc2/anpanman.zip,"406537",8f6b0fec816b74d9826ae63cbd8137b6,,,
games/mame/bloxeed.zip,https://archive.org/download/OngoFiles/mame-segasystemc2/bloxeed.zip,"1075471",0cb945da42bca5c33d140e455e2366aa,,,
games/mame/bloxeedc.zip,https://archive.org/download/OngoFiles/mame-segasystemc2/bloxeedc.zip,"218977",b3191fa7d9d84b62b54b5384b6710035,,,
games/mame/bloxeedu.zip,https://archive.org/download/OngoFiles/mame-segasystemc2/bloxeedu.zip,"218942",7eec6261bcb8d17754ad77d4829fda47,,,
games/mame/borench.zip,https://archive.org/download/OngoFiles/mame-segasystemc2/borench.zip,"442627",ea68624048b9c0504488f72a2f1ddc19,,,
games/mame/columns.zip,https://archive.org/download/OngoFiles/mame-segasystemc2/columns.zip,"212088",5b66b43f65bcb4bbfdd0b499871e475d,,,
games/mame/columns2.zip,https://archive.org/download/OngoFiles/mame-segasystemc2/columns2.zip,"258825",2ee8d35bb443a2436f3e69b38787b35e,,,
games/mame/headonch.zip,https://archive.org/download/OngoFiles/mame-segasystemc2/headonch.zip,"766175",1c7ea966a23254b5229269b7641ccf0f,,,
games/mame/ichir.zip,https://archive.org/download/OngoFiles/mame-segasystemc2/ichir.zip,"2917770",0ddf0a06ece50e7c52328771d92930ff,,,
games/mame/ooparts.zip,https://archive.org/download/OngoFiles/mame-segasystemc2/ooparts.zip,"875336",77a227753a4e8c6edde64f86972947f2,,,
games/mame/pclubj.zip,https://archive.org/download/OngoFiles/mame-segasystemc2/pclubj.zip,"521141",4944980e7a5979fc4d72cced715d7da2,,,
games/mame/pclubjv2.zip,https://archive.org/download/OngoFiles/mame-segasystemc2/pclubjv2.zip,"995348",a88b05b7757b94442b84e7ed2a0ed696,,,
games/mame/pclubjv3.zip,https://archive.org/download/OngoFiles/mame-segasystemc2/pclubjv3.zip,"470069",d5080f7142a224e557133a49719d6180,,,
games/mame/pclubjv4.zip,https://archive.org/download/OngoFiles/mame-segasystemc2/pclubjv4.zip,"472119",ae2331efc616058248dc076a761642d0,,,
games/mame/pclubjv5.zip,https://archive.org/download/OngoFiles/mame-segasystemc2/pclubjv5.zip,"510619",be1d745411da87e1a26ad4d0894cf370,,,
games/mame/potopoto.zip,https://archive.org/download/OngoFiles/mame-segasystemc2/potopoto.zip,"231072",9e0f2e2c7f64078db436b58f3e864a36,,,
games/mame/puyo.zip,https://archive.org/download/OngoFiles/mame-segasystemc2/puyo.zip,"1273925",ffa39264c5c61b69e75684101f715779,,,
games/mame/puyopuy2.zip,https://archive.org/download/OngoFiles/mame-segasystemc2/puyopuy2.zip,"1095313",978a9a6b0337859ed27e32dce5f338b4,,,
games/mame/ribbit.zip,https://archive.org/download/OngoFiles/mame-segasystemc2/ribbit.zip,"930208",c7678b85a3a34f7193ac661db0ca266d,,,
games/mame/soniccar.zip,https://archive.org/download/OngoFiles/mame-segasystemc2/soniccar.zip,"359312",2d961721af01c03cc5486094228790e3,,,
games/mame/sonicfgt.zip,https://archive.org/download/OngoFiles/mame-segasystemc2/sonicfgt.zip,"712692",63cee2054841bb626871c9735be4d81f,,,
games/mame/sonicpop.zip,https://archive.org/download/OngoFiles/mame-segasystemc2/sonicpop.zip,"375267",0f056e9c8c2bad0bc7a63cf75b83b543,,,
games/mame/ssonicbr.zip,https://archive.org/download/OngoFiles/mame-segasystemc2/ssonicbr.zip,"229039",2d04aa7dd8a8d32605eb6a01c9cf30c1,,,
games/mame/stkclmns.zip,https://archive.org/download/OngoFiles/mame-segasystemc2/stkclmns.zip,"923754",e261cc4f2d495f8af04a316b3a9dbdb0,,,
games/mame/tantr.zip,https://archive.org/download/OngoFiles/mame-segasystemc2/tantr.zip,"3018105",cc97c44662b14249010f32009f4040a0,,,
games/mame/tfrceac.zip,https://archive.org/download/OngoFiles/mame-segasystemc2/tfrceac.zip,"1738252",a8f541d27c437a4dd04a5aaeef846617,,,
games/mame/twinsqua.zip,https://archive.org/download/OngoFiles/mame-segasystemc2/twinsqua.zip,"389514",72a416f693432509a0ddedbe7a14c692,,,
games/mame/wwanpanm.zip,https://archive.org/download/OngoFiles/mame-segasystemc2/wwanpanm.zip,"417420",9dd257273d896a911cbcde95f38f4d36,,,
games/mame/wwjumbo.zip,https://archive.org/download/OngoFiles/mame-segasystemc2/wwjumbo.zip,"190764",f129218bf316423618db518b80837a4b,,,
games/mame/wwmarine.zip,https://archive.org/download/OngoFiles/mame-segasystemc2/wwmarine.zip,"312888",6870c0463c8f0e1f65e836a6ccf63564,,,
games/mame/wwpajero.zip,https://archive.org/download/OngoFiles/mame-segasystemc2/wwpajero.zip,"201495",0978ed6d5ebc6735ac53cf3f5e9628b2,,,
games/mame/zunkyou.zip,https://archive.org/download/OngoFiles/mame-segasystemc2/zunkyou.zip,"950219",9d4f6d8e407952fc076214152b92ada3,,,

games/mame/gforce2.zip,https://archive.org/download/OngoFiles/mame-segayboard/gforce2.zip,"3404138",0abc7efac39e390f43656f7b4397835d,,,
games/mame/gloc.zip,https://archive.org/download/OngoFiles/mame-segayboard/gloc.zip,"9291693",cdb5d431af0afc800f5c614c373cb578,,,
games/mame/pdrift.zip,https://archive.org/download/OngoFiles/mame-segayboard/pdrift.zip,"4610975",14b57e0715ff90d79f6a0fe9a2634756,,,
games/mame/rchase.zip,https://archive.org/download/OngoFiles/mame-segayboard/rchase.zip,"6374386",c5a3b81ddcd45f33ac9abbddef495359,,,
games/mame/strkfgtr.zip,https://archive.org/download/OngoFiles/mame-segayboard/strkfgtr.zip,"6479552",17dcea68fc7a12ec8c87b58ded89afae,,,

games/mame/ejanhs.zip,https://archive.org/download/OngoFiles/mame-seibuspi/ejanhs.zip,"7604443",0c63c03f2b31e56d4a80b5ab718193d6,,,
games/mame/rdft.zip,https://archive.org/download/OngoFiles/mame-seibuspi/rdft.zip,"20005155",a77f82550f7cf3f6d22dcbfec78965cf,,,
games/mame/rdft2.zip,https://archive.org/download/OngoFiles/mame-seibuspi/rdft2.zip,"20557444",a8fd6daa759c808faf78a18467c34304,,,
games/mame/rfjet.zip,https://archive.org/download/OngoFiles/mame-seibuspi/rfjet.zip,"21446511",90c85ebcb68fa777480ee8a3b692fe11,,,
games/mame/senkyu.zip,https://archive.org/download/OngoFiles/mame-seibuspi/senkyu.zip,"10887410",be5d5402c127143987b56bb070aa2982,,,
games/mame/viprp1.zip,https://archive.org/download/OngoFiles/mame-seibuspi/viprp1.zip,"17156883",1236fb70610979e465c5b1c2f4ca8780,,,

games/mame/cyvern.zip,https://archive.org/download/OngoFiles/mame-skns/cyvern.zip,"14197661",25f7d941b47e4f270bb4c4aa130b249d,,,
games/mame/galpani4.zip,https://archive.org/download/OngoFiles/mame-skns/galpani4.zip,"10541425",d73dfef8ec1e57e919365a777e4fceca,,,
games/mame/galpanis.zip,https://archive.org/download/OngoFiles/mame-skns/galpanis.zip,"16715742",9254bb9d3ec854458fb5570d24a23892,,,
games/mame/galpans2.zip,https://archive.org/download/OngoFiles/mame-skns/galpans2.zip,"19348295",6af4194930d7ce3f5a1b7039078259bf,,,
games/mame/galpans3.zip,https://archive.org/download/OngoFiles/mame-skns/galpans3.zip,"9608363",850edd1f016c822d614ef7a9e1c5cefb,,,
games/mame/gutsn.zip,https://archive.org/download/OngoFiles/mame-skns/gutsn.zip,"7382002",f613618ac7ed1ac707ddb5bcffa38b65,,,
games/mame/jjparad2.zip,https://archive.org/download/OngoFiles/mame-skns/jjparad2.zip,"16117709",7c2fcd04cad810ce4657995bcebbfc72,,,
games/mame/jjparads.zip,https://archive.org/download/OngoFiles/mame-skns/jjparads.zip,"10706584",420b3e4828ee7230ad823274f5196600,,,
games/mame/panicstr.zip,https://archive.org/download/OngoFiles/mame-skns/panicstr.zip,"8649424",946dec33ad264802e9d36ded7ff07d64,,,
games/mame/puzzloop.zip,https://archive.org/download/OngoFiles/mame-skns/puzzloop.zip,"8319632",4f55f43913ebe8cf7634f2ca5c8ca4e3,,,
games/mame/ryouran.zip,https://archive.org/download/OngoFiles/mame-skns/ryouran.zip,"14691027",40f30415a2f193516370a180559df16a,,,
games/mame/sengekis.zip,https://archive.org/download/OngoFiles/mame-skns/sengekis.zip,"15167386",85f3ae25aa184a9536b7cbaed651cb1d,,,
games/mame/senknow.zip,https://archive.org/download/OngoFiles/mame-skns/senknow.zip,"11205177",76f6ecb0e63e202945e045d0238ae06b,,,
games/mame/skns.zip,https://archive.org/download/OngoFiles/mame-skns/skns.zip,"924762",3f956c4e7008804cb47cbde49bd5b908,,,
games/mame/teljan.zip,https://archive.org/download/OngoFiles/mame-skns/teljan.zip,"10751301",1bf581b9236772761e97cd04f6494a1e,,,
games/mame/vblokbrk.zip,https://archive.org/download/OngoFiles/mame-skns/vblokbrk.zip,"3902918",1f7f20ecd680595caf3bb88702bf315a,,,

games/mame/cairblad.zip,https://archive.org/download/OngoFiles/mame-ssv/cairblad.zip,"13533920",f6a7777922650c300c0a28ce8486c34b,,,
games/mame/drifto94.zip,https://archive.org/download/OngoFiles/mame-ssv/drifto94.zip,"21399827",62f53ccdc51574c2f580942353be6551,,,
games/mame/dynagear.zip,https://archive.org/download/OngoFiles/mame-ssv/dynagear.zip,"6263138",753f03bcf7cb2874f50e706a4e973e21,,,
games/mame/mslider.zip,https://archive.org/download/OngoFiles/mame-ssv/mslider.zip,"7432840",938e7081c02a335dc28211eae10b71f8,,,
games/mame/stmblade.zip,https://archive.org/download/OngoFiles/mame-ssv/stmblade.zip,"7972970",5f8c2b89e1bd7420a3647e3ee3814527,,,
games/mame/twineag2.zip,https://archive.org/download/OngoFiles/mame-ssv/twineag2.zip,"12975682",536dab0bb82100a31e2a243ff987d72e,,,
games/mame/ultrax.zip,https://archive.org/download/OngoFiles/mame-ssv/ultrax.zip,"8700412",ffbd8048637b13726673d00200c60dcd,,,
games/mame/vasara.zip,https://archive.org/download/OngoFiles/mame-ssv/vasara.zip,"16247072",5ea2ebf805030c099f5d227fa145489f,,,
games/mame/vasara2.zip,https://archive.org/download/OngoFiles/mame-ssv/vasara2.zip,"20541683",f5048328745fc095f8753fe562f83ddb,,,

games/mame/ashura.zip,https://archive.org/download/OngoFiles/mame-taitob/ashura.zip,"1110242",67cc83521a7dd4438f4b865ffddb3c75,,,
games/mame/crimec.zip,https://archive.org/download/OngoFiles/mame-taitob/crimec.zip,"992433",25179535ac4ef62088df90ac4980ff9a,,,
games/mame/hitice.zip,https://archive.org/download/OngoFiles/mame-taitob/hitice.zip,"1070588",f959e434c3632319e903405ded7fd955,,,
games/mame/masterw.zip,https://archive.org/download/OngoFiles/mame-taitob/masterw.zip,"1097712",e1db5374b2102e65468b7ad72f1bef61,,,
games/mame/nastar.zip,https://archive.org/download/OngoFiles/mame-taitob/nastar.zip,"1444255",2fbd67df29c17458f953c1dc7c11b086,,,
games/mame/pbobble.zip,https://archive.org/download/OngoFiles/mame-taitob/pbobble.zip,"1747418",1cb7460da4305cb29f4a424f7e186e66,,,
games/mame/qzshowby.zip,https://archive.org/download/OngoFiles/mame-taitob/qzshowby.zip,"3381967",4ffec5b2924a217324f8705ac61934d1,,,
games/mame/rambo3.zip,https://archive.org/download/OngoFiles/mame-taitob/rambo3.zip,"3061923",901d9ae1598a138c7e671fd0c8ec9a42,,,
games/mame/realpunc.zip,https://archive.org/download/OngoFiles/mame-taitob/realpunc.zip,"2713785",06c58b0be3e021807dcd9ee13b20f5cd,,,
games/mame/ryujin.zip,https://archive.org/download/OngoFiles/mame-taitob/ryujin.zip,"1700038",f518e3a56506b29f14b4a7f445e90ef5,,,
games/mame/sbm.zip,https://archive.org/download/OngoFiles/mame-taitob/sbm.zip,"2065018",cce57107eb6935ca510155f32ac6c66f,,,
games/mame/selfeena.zip,https://archive.org/download/OngoFiles/mame-taitob/selfeena.zip,"930982",d798846535b5fbc98dc3ccdb7c182959,,,
games/mame/silentd.zip,https://archive.org/download/OngoFiles/mame-taitob/silentd.zip,"3018156",a31deb3402176ba8481a211a80868f50,,,
games/mame/spacedx.zip,https://archive.org/download/OngoFiles/mame-taitob/spacedx.zip,"2799602",315636a8e3a6a1364ee835e564a87ea0,,,
games/mame/tetrist.zip,https://archive.org/download/OngoFiles/mame-taitob/tetrist.zip,"1393120",2062a4158a9aca8644195446d0fa9904,,,
games/mame/tetrista.zip,https://archive.org/download/OngoFiles/mame-taitob/tetrista.zip,"513584",cd65efb6287f9cf322bf5b3eacac56ec,,,
games/mame/viofight.zip,https://archive.org/download/OngoFiles/mame-taitob/viofight.zip,"1302669",cbac9c0fa85a662e6ae78171214c79da,,,

games/mame/jdreddp.zip,https://archive.org/download/OngoFiles/mame-tunit/jdreddp.zip,"6872137",7dc7339bcb554a6b424cc8182f204201,,,
games/mame/mk.zip,https://archive.org/download/OngoFiles/mame-tunit/mk.zip,"31086827",5a2140d3a46c3844c505db1d6b066d96,,,
games/mame/mk2.zip,https://archive.org/download/OngoFiles/mame-tunit/mk2.zip,"17220209",0391c3bf75ce5f07539bf2652692b539,,,
games/mame/nbajam.zip,https://archive.org/download/OngoFiles/mame-tunit/nbajam.zip,"13883644",36edaef76b432b415b7937a9912480c7,,,
games/mame/nbajamte.zip,https://archive.org/download/OngoFiles/mame-tunit/nbajamte.zip,"8101731",4abb9d375d90adc4e911e4e1f88e609f,,,

games/hbmame/frombelow.zip,https://archive.org/download/OngoFiles/mame-vs/frombelow.zip,"88007",59004ef82c94d218bdc40fc5fa8e3fce,,,
games/hbmame/vs_urban.zip,https://archive.org/download/OngoFiles/mame-vs/vs_urban.zip,"22041",03f211011fa7d0f6b277e2865c2d6c87,,,
games/mame/balonfgt.zip,https://archive.org/download/OngoFiles/mame-vs/balonfgt.zip,"59660",c8c42ee2483f194e3f958453a1e0390d,,,
games/mame/bnglngby.zip,https://archive.org/download/OngoFiles/mame-vs/bnglngby.zip,"25045",392874302004b3dbeee2f4c1ffc5014f,,,
games/mame/btlecity.zip,https://archive.org/download/OngoFiles/mame-vs/btlecity.zip,"32092",81f2b85e989425cc343cd24182c56321,,,
games/mame/cluclu.zip,https://archive.org/download/OngoFiles/mame-vs/cluclu.zip,"26313",5ec1c99b81e61e2749f7c78f6a27c2b0,,,
games/mame/cstlevna.zip,https://archive.org/download/OngoFiles/mame-vs/cstlevna.zip,"67943",73759611ba4eaaa3c8438bfeb68a14cb,,,
games/mame/drmario.zip,https://archive.org/download/OngoFiles/mame-vs/drmario.zip,"47191",c2ebbf16c905f5e24dbfc1cb9ab3268b,,,
games/mame/duckhunt.zip,https://archive.org/download/OngoFiles/mame-vs/duckhunt.zip,"28991",979397b8074c83fa30f85ca5674a95dc,,,
games/mame/excitebk.zip,https://archive.org/download/OngoFiles/mame-vs/excitebk.zip,"86130",949fc8db744b64f5cd06513492f38cfa,,,
games/mame/goonies.zip,https://archive.org/download/OngoFiles/mame-vs/goonies.zip,"35411",3872058086041729ce3eb857814eb90e,,,
games/mame/hogalley.zip,https://archive.org/download/OngoFiles/mame-vs/hogalley.zip,"42701",040d09be0d41c7c6322b4d5ac3702050,,,
games/mame/iceclimb.zip,https://archive.org/download/OngoFiles/mame-vs/iceclimb.zip,"60321",3d18fe3eaa6fec2de81cf292ed06b2a3,,,
games/mame/iceclmrd.zip,https://archive.org/download/OngoFiles/mame-vs/iceclmrd.zip,"68702",7ba0296830725fc68b7af5118af1bb38,,,
games/mame/jajamaru.zip,https://archive.org/download/OngoFiles/mame-vs/jajamaru.zip,"23888",4cc9e580ecf4af5f82c5b8778ada83dc,,,
games/mame/nvs_machrider.zip,https://archive.org/download/OngoFiles/mame-vs/nvs_machrider.zip,"58532",f24c9a2de3e93dc3589d8bbeaf24cf2c,,,
games/mame/nvs_mightybj.zip,https://archive.org/download/OngoFiles/mame-vs/nvs_mightybj.zip,"30641",0584bdf35a6f3384ca9bcda807c0210f,,,
games/mame/nvs_platoon.zip,https://archive.org/download/OngoFiles/mame-vs/nvs_platoon.zip,"96636",dc0c89de8fb77a2c674c564414fe9094,,,
games/mame/rbibb.zip,https://archive.org/download/OngoFiles/mame-vs/rbibb.zip,"69578",e62f2bbbee70c6029328b556f623fd94,,,
games/mame/smgolf.zip,https://archive.org/download/OngoFiles/mame-vs/smgolf.zip,"144728",d476d407552fdae2cd523d042552428d,,,
games/mame/starlstr.zip,https://archive.org/download/OngoFiles/mame-vs/starlstr.zip,"29102",8d1dc549af1514ec8fce1937e2acaf99,,,
games/mame/suprmrio.zip,https://archive.org/download/OngoFiles/mame-vs/suprmrio.zip,"115085",c1f35e14e4878c35116209c99e89246e,,,
games/mame/supxevs.zip,https://archive.org/download/OngoFiles/mame-vs/supxevs.zip,"82823",96709dc9f2e3b6258f9a3607b80bb6ec,,,
games/mame/tkoboxng.zip,https://archive.org/download/OngoFiles/mame-vs/tkoboxng.zip,"63770",330a3cc370113ab352bba4101f0cdef1,,,
games/mame/topgun.zip,https://archive.org/download/OngoFiles/mame-vs/topgun.zip,"79004",2c28ff26c975af03173ff2e2a2eeb074,,,
games/mame/vsbball.zip,https://archive.org/download/OngoFiles/mame-vs/vsbball.zip,"213573",6ad37ee15990afbf3ba26356f035902d,,,
games/mame/vsfdf.zip,https://archive.org/download/OngoFiles/mame-vs/vsfdf.zip,"74481",588042622dd95e070051b053346afa25,,,
games/mame/vsgradus.zip,https://archive.org/download/OngoFiles/mame-vs/vsgradus.zip,"48906",d9e569378f9bd77f929f2edda145e8fa,,,
games/mame/vsgshoe.zip,https://archive.org/download/OngoFiles/mame-vs/vsgshoe.zip,"38032",71f7f29eceef390433e25fc1a39fd61f,,,
games/mame/vsmahjng.zip,https://archive.org/download/OngoFiles/mame-vs/vsmahjng.zip,"42904",22033375f6b5523711ed33a038442127,,,
games/mame/vspinbal.zip,https://archive.org/download/OngoFiles/mame-vs/vspinbal.zip,"51934",dd16001f3f3aa5cf35356b7b9586dc1e,,,
games/mame/vsskykid.zip,https://archive.org/download/OngoFiles/mame-vs/vsskykid.zip,"31746",f6d06542de78c93b31640dfa06f4a499,,,
games/mame/vsslalom.zip,https://archive.org/download/OngoFiles/mame-vs/vsslalom.zip,"25141",21d83b8ab370c671f54a1c82eb4cd4ce,,,
games/mame/vssoccer.zip,https://archive.org/download/OngoFiles/mame-vs/vssoccer.zip,"53660",86ecf0715d044b7995ef1adbad1688d5,,,
games/mame/vstennis.zip,https://archive.org/download/OngoFiles/mame-vs/vstennis.zip,"136204",8efc3fb42270dab83e784d3001858675,,,
games/mame/vstetris.zip,https://archive.org/download/OngoFiles/mame-vs/vstetris.zip,"14572",798a8d686961b50d5c1e16e760dc8b79,,,
games/mame/wrecking.zip,https://archive.org/download/OngoFiles/mame-vs/wrecking.zip,"49620",cb2e499b1582f397e54487f61de71b66,,,

games/mame/mk2_wolf.zip,https://archive.org/download/OngoFiles/mame-wolf/mk2_wolf.zip,"13494298",992725ab5639550f2cfb2409110162a5,,,
games/mame/mk3.zip,https://archive.org/download/OngoFiles/mame-wolf/mk3.zip,"22039125",644fa51615d61a0eb2c2c0f31374d19d,,,
games/mame/mk_wolf.zip,https://archive.org/download/OngoFiles/mame-wolf/mk_wolf.zip,"30492110",0e6d06201da92c2df60091246266ac84,,,
games/mame/nbahangt.zip,https://archive.org/download/OngoFiles/mame-wolf/nbahangt.zip,"21863809",36faa902ca2a7bd908aceb82697f118f,,,
games/mame/openice.zip,https://archive.org/download/OngoFiles/mame-wolf/openice.zip,"14986485 ",83397b6c604cdb965779957d8d754999,,,
games/mame/rmpgwt.zip,https://archive.org/download/OngoFiles/mame-wolf/rmpgwt.zip,"13738043",d94f633e114b03a94dcca9802cd48b8d,,,
games/mame/umk3.zip,https://archive.org/download/OngoFiles/mame-wolf/umk3.zip,"23228381",79078e14d7d2143b07cf3321913066a9,,,
games/mame/wwfmania.zip,https://archive.org/download/OngoFiles/mame-wolf/wwfmania.zip,"20114490",c188ce66289ff8f47627e44bf413345c,,,

games/mame/smashtv.zip,https://archive.org/download/OngoFiles/mame-yunit/smashtv.zip,"1260603",06265ab9b0994908ad9831c04b98bd8e,,,
games/mame/trog.zip,https://archive.org/download/OngoFiles/mame-yunit/trog.zip,"2583282",3ed492fd71997a8e456f4ee391b21684,,,

games/mame/1on1gov.zip,https://archive.org/download/OngoFiles/mame-zn1/1on1gov.zip,"15003910",349d26dacfe90c77b0d691e12c9c9e0f,,,
games/mame/aerofgts.zip,https://archive.org/download/OngoFiles/mame-zn1/aerofgts.zip,"9455407",723f6f8d415c35638c31b2173b613394,,,
games/mame/beastrzr.zip,https://archive.org/download/OngoFiles/mame-zn1/beastrzr.zip,"16282106",5f3bf59eba37a18638ecc8741a3e7ffe,,,
games/mame/bldyror2.zip,https://archive.org/download/OngoFiles/mame-zn1/bldyror2.zip,"19394066",787f84ba6a4bf9e25070e4cdc354b74f,,,
games/mame/brvblade.zip,https://archive.org/download/OngoFiles/mame-zn1/brvblade.zip,"7126542",1e3cf44c3995fc21532d2f3f984c038a,,,
games/mame/coh1000t.zip,https://archive.org/download/OngoFiles/mame-zn1/coh1000t.zip,"126296",cbd902afa92e18d69226d91f567ab88a,,,
games/mame/coh1001l.zip,https://archive.org/download/OngoFiles/mame-zn1/coh1001l.zip,"126207",fcfb400f4d2360002fee1dc5b9e7c2af,,,
games/mame/coh1002e.zip,https://archive.org/download/OngoFiles/mame-zn1/coh1002e.zip,"128648",bd276c601adf0e25424824948e53ca3b,,,
games/mame/coh1002m.zip,https://archive.org/download/OngoFiles/mame-zn1/coh1002m.zip,"138610",800fc349d09fff31c038538f68b6d18e,,,
games/mame/coh1002t.zip,https://archive.org/download/OngoFiles/mame-zn1/coh1002t.zip,"216727",c235aa42552d60e4f139ab8743ec6694,,,
games/mame/coh1002v.zip,https://archive.org/download/OngoFiles/mame-zn1/coh1002v.zip,"126336",322e7491b5797efa70f58bcf80b52eac,,,
games/mame/doapp.zip,https://archive.org/download/OngoFiles/mame-zn1/doapp.zip,"14535271",c911786128d32a01c20e050321b0cfb9,,,
games/mame/flamegun.zip,https://archive.org/download/OngoFiles/mame-zn1/flamegun.zip,"31688319",031d1ff2eba69c8075d8a123f59e4918,,,
games/mame/ftimpcta.zip,https://archive.org/download/OngoFiles/mame-zn1/ftimpcta.zip,"15063475",a805915849f83d8f0db7c39020b8da96,,,
games/mame/gdarius2.zip,https://archive.org/download/OngoFiles/mame-zn1/gdarius2.zip,"21742173",cd8af31679571b067b99965a90d90f92,,,
games/mame/glpracr2.zip,https://archive.org/download/OngoFiles/mame-zn1/glpracr2.zip,"14745471",a654dfef39d44736b51800e14d020ad7,,,
games/mame/glpracr3.zip,https://archive.org/download/OngoFiles/mame-zn1/glpracr3.zip,"11307265",e25052ae43a567aebcf5d2c969bb9ead,,,
games/mame/hvnsgate.zip,https://archive.org/download/OngoFiles/mame-zn1/hvnsgate.zip,"14323255",16fb9d35d9a026f06aef93a41cf34eff,,,
games/mame/lpadv.zip,https://archive.org/download/OngoFiles/mame-zn1/lpadv.zip,"2917110",f3b4ff3d6fee91d9c4d02dae2d14ef33,,,
games/mame/mfjump.zip,https://archive.org/download/OngoFiles/mame-zn1/mfjump.zip,"3063491",c7d8ff73672557af7a3dea4355dea8e7,,,
games/mame/mgcldtex.zip,https://archive.org/download/OngoFiles/mame-zn1/mgcldtex.zip,"14226640",08a449c8521301630d441ace58fedfb8,,,
games/mame/psyforce.zip,https://archive.org/download/OngoFiles/mame-zn1/psyforce.zip,"6732770",e768524589208b302906d12c9c3e6f89,,,
games/mame/raystorm.zip,https://archive.org/download/OngoFiles/mame-zn1/raystorm.zip,"10071125",e343a342f0e28f42d0586f86c4183b16,,,
games/mame/sfchamp.zip,https://archive.org/download/OngoFiles/mame-zn1/sfchamp.zip,"7640056",83836b8155fa0d723a79ca0dee4937d8,,,
games/mame/shngmtkb.zip,https://archive.org/download/OngoFiles/mame-zn1/shngmtkb.zip,"12755019",cae3ae427b36560b38654b1d45ec5d30,,,
games/mame/tblkkuzu.zip,https://archive.org/download/OngoFiles/mame-zn1/tblkkuzu.zip,"2290359",960404c40c40e4b7b6388a4a064fe8a0,,,
games/mame/tondemo.zip,https://archive.org/download/OngoFiles/mame-zn1/tondemo.zip,"13249482",e929dcbbaaf1fe456a353d38eb581ab5,,,
games/mame/twcupmil.zip,https://archive.org/download/OngoFiles/mame-zn1/twcupmil.zip,"5225602",32a41787f80835bbd8cbccc2a4689430,,,

games/mame/akatana.zip,https://archive.org/download/evac_20260901/evac/akatana.zip,"73579066",504c5f230dd380b0f3cb09bc3488ad60,,,
games/mame/ddpdfk.zip,https://archive.org/download/evac_20260901/evac/ddpdfk.zip,"81588023",7b7a55f492c4cf1cd3e4ff1b6f81aea2,,,
games/mame/ddpsdoj.zip,https://archive.org/download/evac_20260901/evac/ddpsdoj.zip,"141530308",dceae1cdcba067c180a49af89b51e1a0,,,
games/mame/deathsml.zip,https://archive.org/download/evac_20260901/evac/deathsml.zip,"66177676",fdb4f4321a418b167a440abbb36c8ffb,,,
games/mame/dfkbl.zip,https://archive.org/download/evac_20260901/evac/dfkbl.zip,"47855170",9d77aa77e64a4e073a4f5e9c8eefd5d3,,,
games/mame/dsmbl.zip,https://archive.org/download/evac_20260901/evac/dsmbl.zip,"82681482",f5e1f75df919f5cb13fc4d6b5a84603b,,,
games/mame/espgal2.zip,https://archive.org/download/evac_20260901/evac/espgal2.zip,"49915688",fc1c0e3e021e564282edba2b1f5561c8,,,
games/mame/futari15.zip,https://archive.org/download/evac_20260901/evac/futari15.zip,"98052208",c2745a33d5b91313ec50e8535e49a966,,,
games/mame/futaribl.zip,https://archive.org/download/evac_20260901/evac/futaribl.zip,"52719721",8d77a6c26c6abf209de1901a016e1c6a,,,
games/mame/ibara.zip,https://archive.org/download/evac_20260901/evac/ibara.zip,"34474299",b05a2773b3250bafbbc5d57fbc9048c6,,,
games/mame/ibarablk.zip,https://archive.org/download/evac_20260901/evac/ibarablk.zip,"68947335",d5100046d213c3e82c72fa13c2db0425,,,
games/mame/matsuri15.zip,https://archive.org/download/evac_20260901/evac/matsuri15.zip,"35834221",a2d5d892abe17755c5ce1c43ed25d9b4,,,
games/mame/mmmbanc.zip,https://archive.org/download/evac_20260901/evac/mmmbanc.zip,"12350063",cc4dc20129642ff80e07a2ea3b8c9ee5,,,
games/mame/mmpork.zip,https://archive.org/download/evac_20260901/evac/mmpork.zip,"63985930",1c227375f81650a94f4c194cb3365122,,,
games/mame/mushisam.zip,https://archive.org/download/evac_20260901/evac/mushisam.zip,"40308100",f0f47942e69439d3d985422030a0012c,,,
games/mame/mushitam.zip,https://archive.org/download/evac_20260901/evac/mushitam.zip,"32511599",8d96dd36a64ba9db456e55d13b6675f9,,,
games/mame/pinkswts.zip,https://archive.org/download/evac_20260901/evac/pinkswts.zip,"151324523",21ad91608c6b51bcc94e5a4ef446bfe9,,,
